model,Brain MRI | FGSM | 0.02,Brain MRI | FGSM | 0.05,Brain MRI | FGSM | 0.10,Brain MRI | PGD | 0.02,Brain MRI | PGD | 0.05,Brain MRI | PGD | 0.10,Brain MRI | clean,Kidney CT | FGSM | 0.02,Kidney CT | FGSM | 0.05,Kidney CT | FGSM | 0.10,Kidney CT | PGD | 0.02,Kidney CT | PGD | 0.05,Kidney CT | PGD | 0.10,Kidney CT | clean,mean_adversarial_accuracy
InceptionV3,93.16,71.94,48.58,55.27,7.41,1.71,98.86,94.02,40.76,11.14,25.68,1.5,0.0,100.0,37.6
InceptionResNetV2,94.02,68.23,46.72,59.69,7.41,0.86,99.0,83.7,37.64,15.9,34.92,1.22,0.0,99.86,37.53
ResNet152V2,89.6,67.09,49.15,34.76,3.42,0.0,99.15,98.51,42.53,17.8,22.28,0.54,0.0,100.0,35.47
DenseNet201,94.02,58.55,15.53,45.87,3.28,0.14,98.86,93.75,56.93,3.13,29.62,0.0,0.0,100.0,33.4
Xception,93.45,62.96,26.06,59.83,4.42,1.28,99.0,88.72,19.02,1.77,22.55,0.0,0.0,100.0,31.67
ResNet101V2,90.03,66.24,43.88,29.63,3.42,0.71,99.15,94.97,30.03,9.24,8.83,0.0,0.0,100.0,31.41
DenseNet169,94.02,62.97,24.64,45.73,2.99,0.0,98.72,85.87,33.15,2.72,11.41,0.0,0.0,100.0,30.29
ResNet50V2,91.31,65.1,34.47,24.22,1.0,0.0,99.72,93.61,26.09,4.89,6.52,0.0,0.0,100.0,28.93
EfficientNetV2B3,86.9,36.04,2.99,61.97,3.99,0.0,99.15,81.11,21.06,1.36,41.71,2.72,0.0,100.0,28.32
VGG16,91.03,43.31,7.98,40.6,1.85,0.71,99.0,90.08,19.02,0.14,37.64,0.0,0.0,100.0,27.7
EfficientNetV2B2,84.33,25.21,2.14,56.41,4.7,0.0,99.0,87.09,17.66,1.63,44.29,0.82,0.0,99.86,27.02
DenseNet121,89.32,48.43,9.26,30.63,1.85,0.0,99.0,81.79,39.95,0.54,15.63,0.0,0.0,100.0,26.45
VGG19,82.76,28.92,5.7,22.94,1.28,0.14,98.86,92.94,19.29,0.41,39.54,0.0,0.0,100.0,24.49
MobileNetV2,81.62,29.92,6.41,31.34,1.0,0.0,98.15,86.69,20.92,0.54,30.44,0.27,0.0,100.0,24.1
EfficientNetV2B1,82.91,23.5,4.56,48.72,3.85,0.0,99.0,64.4,4.89,0.0,22.01,0.0,0.0,99.86,21.24
NASNetMobile,84.47,43.59,8.26,43.02,1.28,0.14,99.0,44.16,0.27,0.0,2.45,0.0,0.0,100.0,18.97
MobileNet,80.48,25.07,4.84,19.66,0.14,0.0,98.15,78.8,6.79,0.14,8.42,0.0,0.0,100.0,18.69
EfficientNetV2B0,76.64,19.94,1.57,47.29,2.85,0.0,98.86,50.0,4.89,0.0,19.43,0.0,0.0,100.0,18.55
EfficientNetV2S,73.93,24.5,13.68,7.85,0.14,0.0,99.29,62.09,7.47,1.9,7.75,0.0,0.0,100.0,16.61
MobileNetV3Small,51.71,13.11,3.13,11.82,0.71,0.0,97.29,16.03,0.14,0.0,0.68,0.0,0.0,100.0,8.11
