dataset,model,attack,epsilon,accuracy,precision,recall,f1,specificity
Brain MRI,Xception,none,0.00,99.00,99.40,99.20,99.30,98.50
Brain MRI,VGG16,none,0.00,99.00,98.81,99.80,99.30,97.00
Brain MRI,VGG19,none,0.00,98.86,99.01,99.40,99.21,97.50
Brain MRI,DenseNet121,none,0.00,99.00,99.01,99.60,99.30,97.50
Brain MRI,DenseNet169,none,0.00,98.72,98.62,99.60,99.11,96.50
Brain MRI,DenseNet201,none,0.00,98.86,99.01,99.40,99.20,97.50
Brain MRI,EfficientNetV2B0,none,0.00,98.86,99.01,99.40,99.21,97.50
Brain MRI,EfficientNetV2B1,none,0.00,99.00,99.21,99.40,99.30,98.00
Brain MRI,EfficientNetV2B2,none,0.00,99.00,98.82,99.80,99.31,97.00
Brain MRI,EfficientNetV2B3,none,0.00,99.15,99.21,99.60,99.40,98.00
Brain MRI,EfficientNetV2S,none,0.00,99.29,99.01,100.00,99.51,97.50
Brain MRI,InceptionResNetV2,none,0.00,99.00,99.01,99.60,99.30,97.50
Brain MRI,InceptionV3,none,0.00,98.86,98.81,99.60,99.21,97.00
Brain MRI,MobileNet,none,0.00,98.15,98.23,99.20,98.71,95.50
Brain MRI,MobileNetV2,none,0.00,98.15,99.20,98.21,98.70,98.00
Brain MRI,MobileNetV3Small,none,0.00,97.29,99.19,97.01,98.09,98.00
Brain MRI,NASNetMobile,none,0.00,99.00,98.63,100.00,99.31,96.50
Brain MRI,ResNet50V2,none,0.00,99.72,99.60,100.00,99.80,99.00
Brain MRI,ResNet101V2,none,0.00,99.15,99.01,99.80,99.41,97.50
Brain MRI,ResNet152V2,none,0.00,99.15,99.01,99.80,99.41,97.50
Brain MRI,Xception,FGSM,0.02,93.45,96.34,94.42,95.37,91.00
Brain MRI,Xception,FGSM,0.05,62.96,79.09,65.64,71.68,56.50
Brain MRI,Xception,FGSM,0.10,26.06,46.72,24.10,31.80,31.00
Brain MRI,VGG16,FGSM,0.02,91.03,93.29,94.22,93.76,83.00
Brain MRI,VGG16,FGSM,0.05,43.31,64.86,45.22,53.29,38.50
Brain MRI,VGG16,FGSM,0.10,7.98,15.05,6.18,8.76,12.50
Brain MRI,VGG19,FGSM,0.02,82.76,90.28,85.06,87.59,77.00
Brain MRI,VGG19,FGSM,0.05,28.92,50.58,26.30,34.60,35.50
Brain MRI,VGG19,FGSM,0.10,5.70,7.90,2.99,4.34,12.50
Brain MRI,DenseNet121,FGSM,0.02,89.32,92.45,92.63,92.54,81.00
Brain MRI,DenseNet121,FGSM,0.05,48.43,68.72,51.20,58.68,41.50
Brain MRI,DenseNet121,FGSM,0.10,9.26,19.73,8.77,12.14,10.50
Brain MRI,DenseNet169,FGSM,0.02,94.02,96.00,95.62,95.81,90.00
Brain MRI,DenseNet169,FGSM,0.05,62.97,78.27,66.73,72.04,53.50
Brain MRI,DenseNet169,FGSM,0.10,24.64,45.26,25.70,32.78,22.00
Brain MRI,DenseNet201,FGSM,0.02,94.02,95.46,96.22,95.83,88.50
Brain MRI,DenseNet201,FGSM,0.05,58.55,76.05,61.36,67.92,51.50
Brain MRI,DenseNet201,FGSM,0.10,15.53,29.41,12.95,17.98,22.00
Brain MRI,EfficientNetV2B0,FGSM,0.02,76.64,87.72,78.29,82.74,72.50
Brain MRI,EfficientNetV2B0,FGSM,0.05,19.94,35.98,15.34,21.51,31.50
Brain MRI,EfficientNetV2B0,FGSM,0.10,1.57,1.54,0.60,0.86,4.00
Brain MRI,EfficientNetV2B1,FGSM,0.02,82.91,89.79,85.86,87.78,75.50
Brain MRI,EfficientNetV2B1,FGSM,0.05,23.50,42.68,20.32,27.53,31.50
Brain MRI,EfficientNetV2B1,FGSM,0.10,4.56,8.00,31.87,4.56,8.00
Brain MRI,EfficientNetV2B2,FGSM,0.02,84.33,89.36,88.65,89.00,73.50
Brain MRI,EfficientNetV2B2,FGSM,0.05,25.21,45.46,22.91,30.46,31.00
Brain MRI,EfficientNetV2B2,FGSM,0.10,2.14,3.05,1.20,1.72,4.50
Brain MRI,EfficientNetV2B3,FGSM,0.02,86.90,91.67,89.84,90.75,79.50
Brain MRI,EfficientNetV2B3,FGSM,0.05,36.04,58.80,35.26,44.09,38.00
Brain MRI,EfficientNetV2B3,FGSM,0.10,2.99,3.14,1.20,1.73,7.50
Brain MRI,EfficientNetV2S,FGSM,0.02,73.93,85.06,77.09,80.88,66.00
Brain MRI,EfficientNetV2S,FGSM,0.05,24.50,44.26,21.51,28.95,32.00
Brain MRI,EfficientNetV2S,FGSM,0.10,13.68,20.46,7.17,10.62,3.00
Brain MRI,InceptionResNetV2,FGSM,0.02,94.02,95.64,96.02,95.83,89.00
Brain MRI,InceptionResNetV2,FGSM,0.05,68.23,80.26,73.71,76.84,54.50
Brain MRI,InceptionResNetV2,FGSM,0.10,46.72,65.69,53.39,58.90,3.00
Brain MRI,InceptionV3,FGSM,0.02,93.16,95.04,95.42,95.23,87.50
Brain MRI,InceptionV3,FGSM,0.05,71.94,81.71,78.29,79.96,56.00
Brain MRI,InceptionV3,FGSM,0.10,48.58,67.94,53.19,59.67,37.00
Brain MRI,MobileNet,FGSM,0.02,80.48,85.71,87.25,86.48,63.50
Brain MRI,MobileNet,FGSM,0.05,25.07,45.39,23.51,30.97,29.00
Brain MRI,MobileNet,FGSM,0.10,4.84,5.85,2.19,3.19,11.50
Brain MRI,MobileNetV2,FGSM,0.02,81.62,89.94,83.67,86.69,76.50
Brain MRI,MobileNetV2,FGSM,0.05,29.92,51.71,30.08,38.04,29.50
Brain MRI,MobileNetV2,FGSM,0.10,6.41,11.82,4.78,6.81,10.50
Brain MRI,MobileNetV3Small,FGSM,0.02,51.71,75.39,48.21,58.81,60.50
Brain MRI,MobileNetV3Small,FGSM,0.05,13.11,18.97,6.57,9.76,29.50
Brain MRI,MobileNetV3Small,FGSM,0.10,3.13,0.55,0.20,0.29,10.50
Brain MRI,NASNetMobile,FGSM,0.02,84.47,85.92,93.63,89.61,61.50
Brain MRI,NASNetMobile,FGSM,0.05,43.59,63.95,48.41,55.10,31.50
Brain MRI,NASNetMobile,FGSM,0.10,8.26,14.85,5.98,8.52,14.00
Brain MRI,ResNet50V2,FGSM,0.02,91.31,95.46,92.23,93.82,89.00
Brain MRI,ResNet50V2,FGSM,0.05,65.10,80.96,66.93,73.28,60.50
Brain MRI,ResNet50V2,FGSM,0.10,34.47,57.50,32.07,41.18,40.50
Brain MRI,ResNet101V2,FGSM,0.02,90.03,92.86,93.23,93.04,82.00
Brain MRI,ResNet101V2,FGSM,0.05,66.24,78.74,72.31,75.39,51.00
Brain MRI,ResNet101V2,FGSM,0.10,43.88,64.52,47.81,54.92,34.00
Brain MRI,ResNet152V2,FGSM,0.02,89.60,91.98,93.63,92.79,79.50
Brain MRI,ResNet152V2,FGSM,0.05,67.09,76.11,78.69,77.38,38.00
Brain MRI,ResNet152V2,FGSM,0.10,49.15,66.00,59.56,62.62,23.00
Brain MRI,Xception,PGD,0.02,59.83,78.35,60.56,68.32,58.00
Brain MRI,Xception,PGD,0.05,4.42,5.76,2.19,3.18,10.00
Brain MRI,Xception,PGD,0.10,1.28,0.00,0.00,,4.50
Brain MRI,VGG16,PGD,0.02,40.60,63.24,40.44,49.33,41.00
Brain MRI,VGG16,PGD,0.05,1.85,1.05,0.40,0.58,5.50
Brain MRI,VGG16,PGD,0.10,0.71,0.00,0.00,,2.50
Brain MRI,VGG19,PGD,0.02,22.94,41.01,17.73,24.76,36.00
Brain MRI,VGG19,PGD,0.05,1.28,0.00,0.00,,4.50
Brain MRI,VGG19,PGD,0.10,0.14,0.00,0.00,,0.50
Brain MRI,DenseNet121,PGD,0.02,30.63,52.46,31.87,39.65,27.50
Brain MRI,DenseNet121,PGD,0.05,1.85,3.94,1.59,2.27,2.50
Brain MRI,DenseNet121,PGD,0.10,0.00,0.00,0.00,,0.00
Brain MRI,DenseNet169,PGD,0.02,45.73,67.44,46.61,55.12,43.50
Brain MRI,DenseNet169,PGD,0.05,2.99,4.57,1.79,2.58,6.00
Brain MRI,DenseNet169,PGD,0.10,0.00,0.00,0.00,,0.00
Brain MRI,DenseNet201,PGD,0.02,45.87,67.33,47.21,55.50,42.50
Brain MRI,DenseNet201,PGD,0.05,3.28,4.15,1.59,2.30,7.50
Brain MRI,DenseNet201,PGD,0.10,0.14,0.00,0.00,,0.50
Brain MRI,EfficientNetV2B0,PGD,0.02,47.29,68.64,48.41,56.78,44.50
Brain MRI,EfficientNetV2B0,PGD,0.05,2.85,3.61,1.39,2.01,6.50
Brain MRI,EfficientNetV2B0,PGD,0.10,0.00,0.00,0.00,,0.00
Brain MRI,EfficientNetV2B1,PGD,0.02,48.72,69.29,50.80,58.62,43.50
Brain MRI,EfficientNetV2B1,PGD,0.05,3.85,6.53,2.59,3.71,7.00
Brain MRI,EfficientNetV2B1,PGD,0.10,0.00,0.00,0.00,,0.00
Brain MRI,EfficientNetV2B2,PGD,0.02,56.41,75.13,58.37,65.70,51.50
Brain MRI,EfficientNetV2B2,PGD,0.05,4.70,7.18,2.79,4.02,9.50
Brain MRI,EfficientNetV2B2,PGD,0.10,0.00,0.00,0.00,,0.00
Brain MRI,EfficientNetV2B3,PGD,0.02,61.97,77.52,65.94,71.26,52.00
Brain MRI,EfficientNetV2B3,PGD,0.05,3.99,5.67,2.19,3.16,8.50
Brain MRI,EfficientNetV2B3,PGD,0.10,0.00,0.00,0.00,,0.00
Brain MRI,EfficientNetV2S,PGD,0.02,7.85,9.95,3.59,5.27,18.50
Brain MRI,EfficientNetV2S,PGD,0.05,0.14,0.00,0.00,,0.50
Brain MRI,EfficientNetV2S,PGD,0.10,0.00,0.00,0.00,,0.00
Brain MRI,InceptionResNetV2,PGD,0.02,59.69,75.53,64.64,69.60,47.50
Brain MRI,InceptionResNetV2,PGD,0.05,7.41,15.74,6.77,9.47,9.00
Brain MRI,InceptionResNetV2,PGD,0.10,0.86,1.50,0.60,0.86,1.50
Brain MRI,InceptionV3,PGD,0.02,55.27,71.76,61.75,66.38,39.00
Brain MRI,InceptionV3,PGD,0.05,7.41,14.12,5.98,8.45,11.00
Brain MRI,InceptionV3,PGD,0.10,1.71,2.53,1.00,1.43,3.50
Brain MRI,MobileNet,PGD,0.02,19.66,35.51,15.14,21.23,31.00
Brain MRI,MobileNet,PGD,0.05,0.14,0.00,0.00,,0.50
Brain MRI,MobileNet,PGD,0.10,0.00,0.00,0.00,,0.00
Brain MRI,MobileNetV2,PGD,0.02,31.34,53.79,28.29,37.08,39.00
Brain MRI,MobileNetV2,PGD,0.05,1.00,0.00,0.00,,3.50
Brain MRI,MobileNetV2,PGD,0.10,0.00,0.00,0.00,,0.00
Brain MRI,MobileNetV3Small,PGD,0.02,11.82,7.91,2.19,3.43,36.00
Brain MRI,MobileNetV3Small,PGD,0.05,0.71,0.00,0.00,,2.50
Brain MRI,MobileNetV3Small,PGD,0.10,0.00,0.00,0.00,,0.00
Brain MRI,NASNetMobile,PGD,0.02,43.02,63.01,49.20,55.26,27.50
Brain MRI,NASNetMobile,PGD,0.05,1.28,0.52,0.20,0.29,4.00
Brain MRI,NASNetMobile,PGD,0.10,0.14,0.00,0.00,,0.50
Brain MRI,ResNet50V2,PGD,0.02,24.22,43.80,21.12,28.50,32.00
Brain MRI,ResNet50V2,PGD,0.05,1.00,1.99,0.80,1.14,1.50
Brain MRI,ResNet50V2,PGD,0.10,0.00,0.00,0.00,,0.00
Brain MRI,ResNet101V2,PGD,0.02,29.63,51.27,32.07,39.46,23.50
Brain MRI,ResNet101V2,PGD,0.05,3.42,8.10,3.39,4.76,3.50
Brain MRI,ResNet101V2,PGD,0.10,0.71,1.49,0.60,0.85,1.00
Brain MRI,ResNet152V2,PGD,0.02,34.76,55.95,41.24,47.48,18.50
Brain MRI,ResNet152V2,PGD,0.05,3.42,10.00,4.38,6.09,1.00
Brain MRI,ResNet152V2,PGD,0.10,0.00,0.00,0.00,,0.00
Kidney CT,Xception,none,0.00,100.00,100.00,100.00,100.00,100.00
Kidney CT,VGG16,none,0.00,100.00,100.00,100.00,100.00,100.00
Kidney CT,VGG19,none,0.00,100.00,100.00,100.00,100.00,100.00
Kidney CT,DenseNet121,none,0.00,100.00,100.00,100.00,100.00,100.00
Kidney CT,DenseNet169,none,0.00,100.00,100.00,100.00,100.00,100.00
Kidney CT,DenseNet201,none,0.00,100.00,100.00,100.00,100.00,100.00
Kidney CT,EfficientNetV2B0,none,0.00,100.00,100.00,100.00,100.00,100.00
Kidney CT,EfficientNetV2B1,none,0.00,99.86,100.00,99.56,99.78,100.00
Kidney CT,EfficientNetV2B2,none,0.00,99.86,100.00,99.56,99.78,100.00
Kidney CT,EfficientNetV2B3,none,0.00,100.00,100.00,100.00,100.00,100.00
Kidney CT,EfficientNetV2S,none,0.00,100.00,100.00,100.00,100.00,100.00
Kidney CT,InceptionResNetV2,none,0.00,99.86,99.57,100.00,99.78,99.80
Kidney CT,InceptionV3,none,0.00,100.00,100.00,100.00,100.00,100.00
Kidney CT,MobileNet,none,0.00,100.00,100.00,100.00,100.00,100.00
Kidney CT,MobileNetV2,none,0.00,100.00,100.00,100.00,100.00,100.00
Kidney CT,MobileNetV3Small,none,0.00,100.00,100.00,100.00,100.00,100.00
Kidney CT,NASNetMobile,none,0.00,100.00,100.00,100.00,100.00,100.00
Kidney CT,ResNet50V2,none,0.00,100.00,100.00,100.00,100.00,100.00
Kidney CT,ResNet101V2,none,0.00,100.00,100.00,100.00,100.00,100.00
Kidney CT,ResNet152V2,none,0.00,100.00,100.00,100.00,100.00,100.00
Kidney CT,Xception,FGSM,0.02,88.72,82.30,81.22,81.76,92.11
Kidney CT,Xception,FGSM,0.05,19.02,4.01,6.99,5.10,24.46
Kidney CT,Xception,FGSM,0.10,1.77,0.99,2.18,1.36,1.58
Kidney CT,VGG16,FGSM,0.02,90.08,80.95,89.08,84.82,90.53
Kidney CT,VGG16,FGSM,0.05,19.02,7.03,13.10,9.15,21.70
Kidney CT,VGG16,FGSM,0.10,0.14,0.00,0.00,,0.20
Kidney CT,VGG19,FGSM,0.02,92.94,90.05,86.90,88.45,95.66
Kidney CT,VGG19,FGSM,0.05,19.29,3.09,5.24,3.88,25.64
Kidney CT,VGG19,FGSM,0.10,0.41,0.00,0.00,,0.59
Kidney CT,DenseNet121,FGSM,0.02,81.79,65.47,87.77,75.00,79.09
Kidney CT,DenseNet121,FGSM,0.05,39.95,24.46,44.54,31.58,37.87
Kidney CT,DenseNet121,FGSM,0.10,0.54,0.40,0.87,0.54,0.40
Kidney CT,DenseNet169,FGSM,0.02,85.87,72.73,87.34,79.37,85.21
Kidney CT,DenseNet169,FGSM,0.05,33.15,23.00,48.91,31.29,26.04
Kidney CT,DenseNet169,FGSM,0.10,2.72,1.97,4.37,2.72,1.97
Kidney CT,DenseNet201,FGSM,0.02,93.75,87.35,93.45,90.30,93.89
Kidney CT,DenseNet201,FGSM,0.05,56.93,38.36,63.32,47.78,54.04
Kidney CT,DenseNet201,FGSM,0.10,3.13,1.60,3.49,2.20,2.96
Kidney CT,EfficientNetV2B0,FGSM,0.02,50.00,26.12,33.19,29.23,57.59
Kidney CT,EfficientNetV2B0,FGSM,0.05,4.89,0.21,0.44,0.29,6.90
Kidney CT,EfficientNetV2B0,FGSM,0.10,0.00,0.00,0.00,,0.00
Kidney CT,EfficientNetV2B1,FGSM,0.02,64.40,43.27,46.29,44.73,72.58
Kidney CT,EfficientNetV2B1,FGSM,0.05,4.89,0.21,0.44,0.29,6.90
Kidney CT,EfficientNetV2B1,FGSM,0.10,0.00,0.00,0.00,,0.00
Kidney CT,EfficientNetV2B2,FGSM,0.02,87.09,79.13,79.48,79.30,90.53
Kidney CT,EfficientNetV2B2,FGSM,0.05,17.66,3.23,5.68,4.11,23.08
Kidney CT,EfficientNetV2B2,FGSM,0.10,1.63,0.00,0.00,,2.37
Kidney CT,EfficientNetV2B3,FGSM,0.02,81.11,69.57,69.87,69.72,86.19
Kidney CT,EfficientNetV2B3,FGSM,0.05,21.06,5.10,8.73,6.44,26.63
Kidney CT,EfficientNetV2B3,FGSM,0.10,1.36,0.00,0.00,,1.97
Kidney CT,EfficientNetV2S,FGSM,0.02,62.09,41.78,55.46,47.66,65.09
Kidney CT,EfficientNetV2S,FGSM,0.05,7.47,1.50,3.06,2.01,9.47
Kidney CT,EfficientNetV2S,FGSM,0.10,1.90,0.00,0.00,,2.76
Kidney CT,InceptionResNetV2,FGSM,0.02,83.70,68.86,86.90,76.83,82.25
Kidney CT,InceptionResNetV2,FGSM,0.05,37.64,19.74,32.75,24.63,39.74
Kidney CT,InceptionResNetV2,FGSM,0.10,15.90,5.28,10.04,6.92,18.54
Kidney CT,InceptionV3,FGSM,0.02,94.02,89.03,92.14,90.56,94.87
Kidney CT,InceptionV3,FGSM,0.05,40.76,20.51,31.44,24.83,44.97
Kidney CT,InceptionV3,FGSM,0.10,11.14,3.09,6.11,4.11,13.41
Kidney CT,MobileNet,FGSM,0.02,78.80,67.14,62.45,64.71,86.19
Kidney CT,MobileNet,FGSM,0.05,6.79,0.65,1.31,0.87,9.27
Kidney CT,MobileNet,FGSM,0.10,0.14,0.00,0.00,,0.20
Kidney CT,MobileNetV2,FGSM,0.02,86.69,81.34,74.24,77.63,92.31
Kidney CT,MobileNetV2,FGSM,0.05,20.92,5.54,9.61,7.03,26.04
Kidney CT,MobileNetV2,FGSM,0.10,0.54,0.59,1.31,0.81,0.20
Kidney CT,MobileNetV3Small,FGSM,0.02,16.03,7.06,13.97,9.38,16.96
Kidney CT,MobileNetV3Small,FGSM,0.05,0.14,0.20,0.44,0.27,0.00
Kidney CT,MobileNetV3Small,FGSM,0.10,0.00,0.00,0.00,,0.00
Kidney CT,NASNetMobile,FGSM,0.02,44.16,21.20,29.26,24.59,50.89
Kidney CT,NASNetMobile,FGSM,0.05,0.27,0.20,0.44,0.27,0.20
Kidney CT,NASNetMobile,FGSM,0.10,0.00,0.00,0.00,,0.00
Kidney CT,ResNet50V2,FGSM,0.02,93.61,88.56,91.27,89.89,94.68
Kidney CT,ResNet50V2,FGSM,0.05,26.09,11.86,21.40,15.27,28.21
Kidney CT,ResNet50V2,FGSM,0.10,4.89,2.23,4.80,3.05,4.93
Kidney CT,ResNet101V2,FGSM,0.02,94.97,89.67,94.76,92.14,95.07
Kidney CT,ResNet101V2,FGSM,0.05,30.03,15.29,27.51,19.66,31.16
Kidney CT,ResNet101V2,FGSM,0.10,9.24,3.79,7.86,5.11,9.86
Kidney CT,ResNet152V2,FGSM,0.02,98.51,98.66,96.51,97.57,99.41
Kidney CT,ResNet152V2,FGSM,0.05,42.53,20.06,28.38,23.51,48.92
Kidney CT,ResNet152V2,FGSM,0.10,17.80,5.87,10.92,7.63,20.91
Kidney CT,Xception,PGD,0.02,22.55,4.78,7.86,5.94,29.19
Kidney CT,Xception,PGD,0.05,0.00,0.00,0.00,,0.00
Kidney CT,Xception,PGD,0.10,0.00,0.00,0.00,,0.00
Kidney CT,VGG16,PGD,0.02,37.64,22.75,41.92,29.49,35.70
Kidney CT,VGG16,PGD,0.05,0.00,0.00,0.00,,0.00
Kidney CT,VGG16,PGD,0.10,0.00,0.00,0.00,,0.00
Kidney CT,VGG19,PGD,0.02,39.54,22.02,37.12,27.64,40.63
Kidney CT,VGG19,PGD,0.05,0.00,0.00,0.00,,0.00
Kidney CT,VGG19,PGD,0.10,0.00,0.00,0.00,,0.00
Kidney CT,DenseNet121,PGD,0.02,15.63,6.83,13.54,9.08,16.57
Kidney CT,DenseNet121,PGD,0.05,0.00,0.00,0.00,,0.00
Kidney CT,DenseNet121,PGD,0.10,0.00,0.00,0.00,,0.00
Kidney CT,DenseNet169,PGD,0.02,11.41,7.45,16.15,10.19,9.27
Kidney CT,DenseNet169,PGD,0.05,0.00,0.00,0.00,,0.00
Kidney CT,DenseNet169,PGD,0.10,0.00,0.00,0.00,,0.00
Kidney CT,DenseNet201,PGD,0.02,29.62,17.08,32.75,22.46,28.21
Kidney CT,DenseNet201,PGD,0.05,0.00,0.00,0.00,,0.00
Kidney CT,DenseNet201,PGD,0.10,0.00,0.00,0.00,,0.00
Kidney CT,EfficientNetV2B0,PGD,0.02,19.43,5.17,9.17,6.61,24.06
Kidney CT,EfficientNetV2B0,PGD,0.05,0.00,0.00,0.00,,0.00
Kidney CT,EfficientNetV2B0,PGD,0.10,0.00,0.00,0.00,,0.00
Kidney CT,EfficientNetV2B1,PGD,0.02,22.01,6.55,11.35,8.31,26.83
Kidney CT,EfficientNetV2B1,PGD,0.05,0.00,0.00,0.00,,0.00
Kidney CT,EfficientNetV2B1,PGD,0.10,0.00,0.00,0.00,,0.00
Kidney CT,EfficientNetV2B2,PGD,0.02,44.29,24.65,38.43,30.03,46.94
Kidney CT,EfficientNetV2B2,PGD,0.05,0.82,0.00,0.00,,1.18
Kidney CT,EfficientNetV2B2,PGD,0.10,0.00,0.00,0.00,,0.00
Kidney CT,EfficientNetV2B3,PGD,0.02,41.71,18.35,25.33,21.28,49.11
Kidney CT,EfficientNetV2B3,PGD,0.05,2.72,0.00,0.00,,3.95
Kidney CT,EfficientNetV2B3,PGD,0.10,0.00,0.00,0.00,,0.00
Kidney CT,EfficientNetV2S,PGD,0.02,7.75,2.33,4.80,3.14,9.07
Kidney CT,EfficientNetV2S,PGD,0.05,0.00,0.00,0.00,,0.00
Kidney CT,EfficientNetV2S,PGD,0.10,0.00,0.00,0.00,,0.00
Kidney CT,InceptionResNetV2,PGD,0.02,34.92,20.66,38.43,26.87,33.33
Kidney CT,InceptionResNetV2,PGD,0.05,1.22,1.18,2.62,1.62,0.59
Kidney CT,InceptionResNetV2,PGD,0.10,0.00,0.00,0.00,,0.00
Kidney CT,InceptionV3,PGD,0.02,25.68,14.51,28.38,19.20,24.46
Kidney CT,InceptionV3,PGD,0.05,1.50,0.40,0.87,0.55,1.78
Kidney CT,InceptionV3,PGD,0.10,0.00,0.00,0.00,,0.00
Kidney CT,MobileNet,PGD,0.02,8.42,2.56,5.24,3.44,9.86
Kidney CT,MobileNet,PGD,0.05,0.00,0.00,0.00,,0.00
Kidney CT,MobileNet,PGD,0.10,0.00,0.00,0.00,,0.00
Kidney CT,MobileNetV2,PGD,0.02,30.44,12.86,21.40,16.07,34.52
Kidney CT,MobileNetV2,PGD,0.05,0.27,0.39,0.87,0.54,0.00
Kidney CT,MobileNetV2,PGD,0.10,0.00,0.00,0.00,,0.00
Kidney CT,MobileNetV3Small,PGD,0.02,0.68,0.59,1.31,0.81,0.40
Kidney CT,MobileNetV3Small,PGD,0.05,0.00,0.00,0.00,,0.00
Kidney CT,MobileNetV3Small,PGD,0.10,0.00,0.00,0.00,,0.00
Kidney CT,NASNetMobile,PGD,0.02,2.45,0.61,1.31,0.83,2.96
Kidney CT,NASNetMobile,PGD,0.05,0.00,0.00,0.00,,0.00
Kidney CT,NASNetMobile,PGD,0.10,0.00,0.00,0.00,,0.00
Kidney CT,ResNet50V2,PGD,0.02,6.52,3.82,8.30,5.23,5.72
Kidney CT,ResNet50V2,PGD,0.05,0.00,0.00,0.00,,0.00
Kidney CT,ResNet50V2,PGD,0.10,0.00,0.00,0.00,,0.00
Kidney CT,ResNet101V2,PGD,0.02,8.83,3.57,7.42,4.82,9.47
Kidney CT,ResNet101V2,PGD,0.05,0.00,0.00,0.00,,0.00
Kidney CT,ResNet101V2,PGD,0.10,0.00,0.00,0.00,,0.00
Kidney CT,ResNet152V2,PGD,0.02,22.28,6.58,11.35,8.33,27.22
Kidney CT,ResNet152V2,PGD,0.05,0.54,0.00,0.00,,0.79
Kidney CT,ResNet152V2,PGD,0.10,0.00,0.00,0.00,,0.00
