dataset,attack,epsilon,SSIM,MS-SSIM,UQI,VIFP,PSNR,MSE,RMSE
Brain MRI,FGSM,0.02,0.913,0.989,0.77,0.789,37.1,12.67,3.561
Brain MRI,FGSM,0.05,0.733,0.947,0.627,0.56,29.5,73.02,8.545
Brain MRI,FGSM,0.1,0.513,0.842,0.528,0.362,23.12,316.8,17.8
Brain MRI,PGD,0.02,0.897,0.978,0.774,0.63,35.77,17.32,4.155
Brain MRI,PGD,0.05,0.699,0.918,0.646,0.417,28.91,84.0,9.155
Brain MRI,PGD,0.1,0.446,0.783,0.527,0.242,22.62,356.6,18.87
Kidney CT,FGSM,0.02,0.884,0.993,0.597,0.833,37.39,11.86,3.444
Kidney CT,FGSM,0.05,0.752,0.963,0.579,0.63,29.79,68.24,8.26
Kidney CT,FGSM,0.1,0.624,0.892,0.542,0.433,23.42,295.7,17.2
Kidney CT,PGD,0.02,0.893,0.992,0.597,0.709,35.93,16.62,4.077
Kidney CT,PGD,0.05,0.75,0.961,0.578,0.5,28.93,83.17,9.119
Kidney CT,PGD,0.1,0.595,0.875,0.54,0.315,22.88,335.2,18.31
