dataset,model,backbone_parameters,backbone_layers,phase1_epochs,phase1_seconds,phase2_last_epoch,phase2_seconds,total_seconds,total_parameters
Brain MRI,Xception,20861480,132,90,627.06,133,673.52,1300.58,21062186
Brain MRI,VGG16,14714688,19,155,747.27,214,639.8,1387.1,14764866
Brain MRI,VGG19,20024384,22,90,493.17,151,767.59,1260.76,20074562
Brain MRI,DenseNet121,7037504,427,88,557.0,131,942.92,1499.91,7137848
Brain MRI,DenseNet169,12642880,595,50,395.11,82,937.69,1332.8,12805954
Brain MRI,DenseNet201,18321984,707,49,463.75,79,1059.05,1522.8,18510146
Brain MRI,EfficientNetV2B0,5919312,270,39,166.58,130,1189.7,1356.29,6044754
Brain MRI,EfficientNetV2B1,6931124,334,55,254.84,148,1463.3,1718.14,7056566
Brain MRI,EfficientNetV2B2,8769374,349,142,662.44,210,1139.27,1801.71,8907360
Brain MRI,EfficientNetV2B3,12930622,409,88,503.57,136,953.27,1456.84,13081152
Brain MRI,EfficientNetV2S,20331360,513,51,372.28,78,727.44,1099.72,20456802
Brain MRI,InceptionResNetV2,54336736,780,75,675.46,114,1179.67,1855.13,54413438
Brain MRI,InceptionV3,21802784,311,43,194.04,74,422.5,616.54,21905186
Brain MRI,MobileNet,3228864,86,73,213.88,147,462.85,676.72,3329218
Brain MRI,MobileNetV2,2257984,154,71,241.24,158,804.83,1046.07,2383426
Brain MRI,MobileNetV3Small,939120,229,57,162.97,112,429.36,592.34,995570
Brain MRI,NASNetMobile,4269716,769,94,643.72,143,1364.01,2007.73,4373206
Brain MRI,ResNet50V2,23564800,190,41,233.67,73,402.04,635.71,23765506
Brain MRI,ResNet101V2,42827266,377,32,280.93,64,667.94,948.86,42626560
Brain MRI,ResNet152V2,58331648,564,31,365.03,60,850.46,1215.49,58532354
Kidney CT,Xception,20861480,132,150,1059.61,173,390.32,1449.93,21062186
Kidney CT,VGG16,14714688,19,69,344.08,94,294.4,638.48,14764866
Kidney CT,VGG19,20024384,22,111,619.04,136,335.43,954.48,20074562
Kidney CT,DenseNet121,7037504,427,51,323.4,74,511.34,834.74,7137848
Kidney CT,DenseNet169,12642880,595,32,253.28,54,645.27,898.54,12805954
Kidney CT,DenseNet201,18321984,707,31,306.34,52,763.06,1069.39,18510146
Kidney CT,EfficientNetV2B0,5919312,270,259,1009.36,333,1015.08,2024.44,6044754
Kidney CT,EfficientNetV2B1,6931124,334,189,824.14,242,839.13,1663.27,7056566
Kidney CT,EfficientNetV2B2,8769374,349,94,440.42,127,574.92,1015.34,8907360
Kidney CT,EfficientNetV2B3,12930622,409,164,904.26,196,647.32,1551.58,13081152
Kidney CT,EfficientNetV2S,20331360,513,37,271.35,58,565.57,836.92,20456802
Kidney CT,InceptionResNetV2,54336736,780,73,650.84,94,663.07,1313.91,54413438
Kidney CT,InceptionV3,21802784,311,27,120.98,49,305.57,426.55,21905186
Kidney CT,MobileNet,3228864,86,105,296.96,134,195.65,492.61,3329218
Kidney CT,MobileNetV2,2257984,154,89,285.39,129,351.66,637.05,2383426
Kidney CT,MobileNetV3Small,939120,229,114,278.64,146,242.23,520.87,995570
Kidney CT,NASNetMobile,4269716,769,89,565.29,112,687.52,1252.81,4373206
Kidney CT,ResNet50V2,23564800,190,27,142.73,48,266.06,408.79,23765506
Kidney CT,ResNet101V2,42827266,377,23,192.06,44,448.68,640.73,42626560
Kidney CT,ResNet152V2,58331648,564,24,280.02,45,646.7,926.72,58532354
